prices,address,no_beds,baths,sqft,prices_scale,sqft_scale,predict,diff,Deal
3197000, 2005 48th St NW Washington DC 20007 ,6,6,8050,31.97,8.05,6285348.511,3088348.511,Good Deal
1100000, 5721 Potomac Ave NW Washington DC 20016 ,5,6,4922,11,4.922,3735557.938,2635557.938,Good Deal
3825000, 4606 Kenmore Dr NW Washington DC 20007 ,5,7,7600,38.25,7.6,6406278.992,2581278.992,Good Deal
5900000, 2230 Massachusetts Ave NW Washington DC 20008 ,5,8,9625,59,9.625,8476560.974,2576560.974,Good Deal
549000, 5135 F St SE Washington DC 20019 ,5,5,3900,5.49,3.9,2587542.534,2038542.534,Good Deal
1895000, 5198 27th St NW Washington DC 20008 ,4,4,5205,18.95,5.205,3905651.855,2010651.855,Good Deal
7995000, 3101 Chain Bridge Rd NW Washington DC 20016 ,7,11,11000,79.95,11,9712859.344,1717859.344,Good Deal
254900, 5220 N Capitol St NW #109 Washington DC 20011 ,6,5,3513,2.549,3.513,1905262.566,1650362.566,Good Deal
9495000, 4400 Garfield St NW Washington DC 20007 ,8,11,12817,94.95,12.817,11057175.45,1562175.446,Good Deal
6300000, 2100 Dunmore Ln NW Washington DC 20007 ,5,7,9100,63,9.1,7785541.534,1485541.534,Good Deal
765000, 31 Rock Creek Church Rd NW Washington DC 20011 ,4,5,3155,7.65,3.155,2228939.629,1463939.629,Good Deal
1250000, 5424 Macarthur Blvd NW Washington DC 20016 ,4,5,3648,12.5,3.648,2682256.889,1432256.889,Good Deal
570000, 4328 Alabama Ave SE Washington DC 20019 ,5,4,3438,5.7,3.438,1954451.18,1384451.18,Good Deal
1050000, 4712 Yuma St NW Washington DC 20016 ,6,6,3728,10.5,3.728,2311235.428,1261235.428,Good Deal
695000, 4108 Hayes St NE Washington DC 20019 ,6,5,3513,6.95,3.513,1905262.566,1210262.566,Good Deal
499000, 5521 Jay St NE Washington DC 20019 ,3,3,2562,4.99,2.562,1593544.579,1094544.579,Good Deal
3900000, 4537 Lowell St NW Washington DC 20016 ,6,7,6400,39,6.4,4976438.904,1076438.904,Good Deal
349000, 517 Lebaum St SE Washington DC 20032 ,3,2,2550,3.49,2.55,1374231.72,1025231.72,Good Deal
589000, 834 48th St NE Washington DC 20019 ,4,4,2700,5.89,2.7,1602284.813,1013284.813,Good Deal
975000, 3722 30th Pl NE Washington DC 20018 ,5,4,3369,9.75,3.369,1891005.135,916005.1346,Good Deal
5850000, 3010 University Ter NW Washington DC 20016 ,6,8,7975,58.5,7.975,6632942.2,782942.1997,Good Deal
569000, 2524 W St SE Washington DC 20020 ,4,4,2400,5.69,2.4,1326432.228,757432.2281,Good Deal
1995000, 4714 Chesapeake St NW Washington DC 20016 ,5,5,4020,19.95,4.02,2697883.415,702883.4152,Good Deal
649000, 2801 New Mexico Ave NW APT 911 Washington DC 20007 ,2,3,1877,6.49,1.877,1290111.923,641111.9232,Good Deal
400000, 1146 Barnaby Ter SE Washington DC 20032 ,3,3,1944,4,1.944,1025288.391,625288.3911,Good Deal
1325000, 3544 Winfield Ln NW Washington DC 20007 ,3,4,2622,13.25,2.622,1856993.675,531993.6752,Good Deal
256183, 410 Eastern Ave NE Washington DC 20019 ,3,3,1683,2.56183,1.683,785296.8693,529113.8693,Good Deal
385000, 2724 Stanton Rd SE Washington DC 20020 ,2,3,1462,3.85,1.462,908516.1209,523516.1209,Good Deal
724900, 3129 Newton St NE Washington DC 20018 ,4,5,2073,7.249,2.073,1234031.868,509131.868,Good Deal
699900, 3626 Alabama Ave SE Washington DC 20020 ,3,3,2142,6.999,2.142,1207351.112,507451.1124,Good Deal
1499000, 609 Maryland Ave NE UNIT 5 Washington DC 20002 ,2,3,2634,14.99,2.634,1986179.543,487179.5425,Good Deal
315000, 1818 Minnesota Ave SE Washington DC 20020 ,4,2,2272,3.15,2.272,792178.1063,477178.1063,Good Deal
560000, 6609 3rd St NW Washington DC 20012 ,3,2,2178,5.6,2.178,1032174.873,472174.8734,Good Deal
800000, 618 R St NW Washington DC 20001 ,3,2,2422,8,2.422,1256534.767,456534.7672,Good Deal
435000, 1225 Savannah Pl SE Washington DC 20032 ,2,3,1440,4.35,1.44,888286.972,453286.972,Good Deal
695000, 48 New York Ave NW #B Washington DC 20001 ,3,3,2066,6.95,2.066,1137468.338,442468.338,Good Deal
1249000, 3030 K St NW APT 210 Washington DC 20007 ,2,2,2528,12.49,2.528,1680433.083,431433.0826,Good Deal
865000, 904 Emerson St NW Washington DC 20011 ,4,4,2366,8.65,2.366,1295168.877,430168.8766,Good Deal
1575000, 3608 Reservoir Rd NW Washington DC 20007 ,5,5,3266,15.75,3.266,2004574.394,429574.3942,Good Deal
464000, 1661 Gales St NE #1 Washington DC 20002 ,2,3,1440,4.64,1.44,888286.972,424286.972,Good Deal
450000, 855 Hr Dr SE Washington DC 20032 ,3,4,1530,4.5,1.53,852890.7776,402890.7776,Good Deal
410000, 3526 19th St SE Washington DC 20020 ,3,3,1708,4.1,1.708,808284.5688,398284.5688,Good Deal
350000, 4551 Eads Pl NE Washington DC 20019 ,2,2,1500,3.5,1.5,735178.709,385178.709,Good Deal
739900, 1226 Rhode Island Ave NE Washington DC 20018 ,3,3,2034,7.399,2.034,1108044.052,368144.0521,Good Deal
425000, 2514 Palmer Pl SE Washington DC 20020 ,4,2,2272,4.25,2.272,792178.1063,367178.1063,Good Deal
409000, 1224 Savannah Pl SE Washington DC 20032 ,3,2,1898,4.09,1.898,774712.5149,365712.5149,Good Deal
459500, 1109 Wahler Pl SE Washington DC 20032 ,4,3,2068,4.595,2.068,812877.0828,353377.0828,Good Deal
439900, 1268 Barnaby Ter SE Washington DC 20032 ,4,3,2046,4.399,2.046,792647.7909,352747.7909,Good Deal
1050000, 1607 New Jersey Ave NW Washington DC 20001 ,4,4,2482,10.5,2.482,1401832.008,351832.0084,Good Deal
449100, 3963 Martin Luther King Jr Ave SW Washington DC 20032 ,3,2,1922,4.491,1.922,796780.7293,347680.7293,Good Deal
6100000, 3327 N St NW Washington DC 20007 ,5,9,7175,61,7.175,6432045.746,332045.7458,Good Deal
1195000, 328 13th St SE Washington DC 20003 ,3,4,2256,11.95,2.256,1520453.835,325453.8345,Good Deal
565000, 1656 Kramer St NE Washington DC 20002 ,2,3,1440,5.65,1.44,888286.972,323286.972,Good Deal
699900, 2603 24th St NE Washington DC 20018 ,3,4,1709,6.999,1.709,1017482.758,317582.7576,Good Deal
360000, 3600 39th St NW APT B548 Washington DC 20016 ,1,2,1076,3.6,1.076,671737.8139,311737.8139,Good Deal
435000, 4258 Martin Luther King Jr Ave SW Washington DC 20032 ,3,4,1412,4.35,1.412,744388.8187,309388.8187,Good Deal
579000, 4717 6th St NE Washington DC 20017 ,3,3,1793,5.79,1.793,886442.7567,307442.7567,Good Deal
1050000, 2225 38th St NW Washington DC 20007 ,3,4,2062,10.5,2.062,1342069.054,292069.0536,Good Deal
2550000, 2607 31st St NW Washington DC 20008 ,5,5,4167,25.5,4.167,2833050.728,283050.7278,Good Deal
699000, 3224 O St SE Washington DC 20020 ,4,3,2244,6.99,2.244,974710.2737,275710.2737,Good Deal
1375000, 4120 17th St NW Washington DC 20011 ,4,3,2975,13.75,2.975,1646870.613,271870.6131,Good Deal
1690000, 3235 P St NW Washington DC 20007 ,1,2,2470,16.9,2.47,1953532.028,263532.0282,Good Deal
995000, 4535 43rd Pl NW Washington DC 20016 ,3,2,2420,9.95,2.42,1254695.892,259695.8923,Good Deal
295000, 1715 28th Pl SE #A Washington DC 20020 ,2,2,1300,2.95,1.3,551277.113,256277.113,Good Deal
520000, 917 43rd Pl NE Washington DC 20019 ,3,3,1660,5.2,1.66,764148.1876,244148.1876,Good Deal
149950, 22 Galveston Pl SW APT C Washington DC 20032 ,2,2,1120,1.4995,1.12,385765.7433,235815.7433,Good Deal
385000, 234 56th St NE Washington DC 20019 ,3,3,1500,3.85,1.5,617026.9489,232026.9489,Good Deal
350000, 4027 Ely Pl SE #4029 Washington DC 20019 ,2,2,1322,3.5,1.322,571506.4526,221506.4526,Good Deal
899900, 6509 Piney Branch Rd NW Washington DC 20012 ,4,4,2176,8.999,2.176,1120462.608,220562.6083,Good Deal
530000, 18 O St NW APT A Washington DC 20001 ,3,4,1412,5.3,1.412,744388.8187,214388.8187,Good Deal
309000, 1200 23rd St NW #803 Washington DC 20037 ,1,2,900,3.09,0.9,509904.4323,200904.4323,Good Deal
484000, 925 Division Ave NE Washington DC 20019 ,5,4,2052,4.84,2.052,680012.9414,196012.9414,Good Deal
775000, 1543 6th St NW APT 100 Washington DC 20001 ,2,2,1744,7.75,1.744,959538.6505,184538.6505,Good Deal
810000, 1446 W St SE Washington DC 20020 ,4,4,2039,8.1,2.039,994489.8605,184489.8605,Good Deal
309000, 1200 23rd St NW APT 802 Washington DC 20037 ,1,2,875,3.09,0.875,486916.6851,177916.6851,Good Deal
620000, 4921 12th St NE Washington DC 20017 ,4,3,2046,6.2,2.046,792647.7909,172647.7909,Good Deal
1950000, 2130 Bancroft Pl NW Washington DC 20008 ,2,3,2775,19.5,2.775,2115830.231,165830.2307,Good Deal
799000, 3603 New Hampshire Ave NW Washington DC 20010 ,3,2,2100,7.99,2.1,960453.2242,161453.2242,Good Deal
925000, 6223 Piney Branch Rd NW Washington DC 20011 ,5,4,2493,9.25,2.493,1085515.976,160515.976,Good Deal
399500, 3315 Wisconsin Ave NW #B3 Washington DC 20016 ,2,2,1300,3.995,1.3,551277.113,151777.113,Good Deal
469900, 1883 Tubman Rd SE Washington DC 20020 ,4,3,1860,4.699,1.86,621619.2722,151719.2722,Good Deal
1599900, 801 Independence Ave SE Washington DC 20003 ,6,4,3570,15.999,3.57,1749395.943,149495.9427,Good Deal
699000, 25 T St NE UNIT B Washington DC 20002 ,3,3,1750,6.99,1.75,846903.801,147903.801,Good Deal
3250000, 1826 12th St NW Washington DC 20009 ,4,6,4195,32.5,4.195,3393506.241,143506.2408,Good Deal
479005, 3605 Brothers Pl SE Washington DC 20032 ,3,4,1270,4.79005,1.27,613818.7885,134813.7885,Good Deal
1265000, 2540 Massachusetts Ave NW UNIT 207 Washington DC 20008 ,3,3,2350,12.65,2.35,1398608.589,133608.5892,Good Deal
1150000, 1654 Avon Pl NW Washington DC 20007 ,2,2,2094,11.5,2.094,1281366.539,131366.539,Good Deal
499000, 1229 12th St NW #2 Washington DC 20005 ,2,3,1159,4.99,1.159,629905.1762,130905.1762,Good Deal
749950, 1842 Mintwood Pl NW APT 1 Washington DC 20009 ,2,2,1656,7.4995,1.656,878622.0551,128672.0551,Good Deal
435000, 310 N St SW Washington Navy Yard DC 20024 ,2,1,1537,4.35,1.537,560921.9074,125921.9074,Good Deal
769900, 131 R St NE #A Washington DC 20002 ,3,3,1802,7.699,1.802,894718.3609,124818.3609,Good Deal
799900, 1258 Columbia Rd NW #1 Washington DC 20009 ,3,3,1830,7.999,1.83,920464.5157,120564.5157,Good Deal
649000, 422 Peabody St NW Washington DC 20011 ,3,2,1881,6.49,1.881,759081.0299,110081.0299,Good Deal
520000, 2028 Jasper St SE Washington DC 20020 ,3,3,1500,5.2,1.5,617026.9489,97026.94893,Good Deal
850000, 726 Webster St NW #2 Washington DC 20011 ,3,3,1850,8.5,1.85,938854.7897,88854.78973,Good Deal
6495000, 2829 Woodland Dr NW Washington DC 20008 ,5,7,7787,64.95,7.787,6578227.234,83227.23389,Good Deal
1629000, 3325 Reservoir Rd NW Washington DC 20007 ,3,4,2464,16.29,2.464,1711711.311,82711.31134,Good Deal
648500, 1934 Bennett Pl NE Washington DC 20002 ,4,4,1745,6.485,1.745,724154.52,75654.52003,Good Deal
949900, 4226 40th St NW Washington DC 20016 ,2,3,1579,9.499,1.579,1016098.404,66198.40393,Good Deal
475000, 29 Halley Pl SE Washington DC 20032 ,3,3,1408,4.75,1.408,532432.2224,57432.22237,Good Deal
199900, 208 Farragut St NW APT 206 Washington DC 20011 ,1,1,850,1.999,0.85,255650.3773,55750.37727,Good Deal
475000, 1622 26th Pl SE #1 Washington DC 20020 ,4,3,1750,4.75,1.75,520473.3372,45473.33717,Good Deal
495000, 1624 26th Pl SE #1 Washington DC 20020 ,4,3,1770,4.95,1.77,538863.6112,43863.61122,Good Deal
1390000, 4535 Westhall Dr NW Washington DC 20007 ,3,4,2160,13.9,2.16,1432180.977,42180.97687,Good Deal
382500, 4201 Cathedral Ave NW APT 902W Washington DC 20016 ,2,2,1155,3.825,1.155,417948.4844,35448.48442,Good Deal
700000, 4101 Cathedral Ave NW APT 1217 Washington DC 20016 ,2,2,1500,7,1.5,735178.709,35178.70903,Good Deal
1018000, 5332 43rd St NW Washington DC 20015 ,3,3,1968,10.18,1.968,1047356.606,29356.60553,Good Deal
2149000, 1738 Corcoran St NW Washington DC 20009 ,4,4,3325,21.49,3.325,2176977.348,27977.34833,Good Deal
570000, 2724 12th St NE #7 Washington DC 20018 ,2,3,1120,5.7,1.12,594044.3516,24044.35158,Good Deal
475000, 629 Columbia Rd NW Washington DC 20001 ,4,4,1500,4.75,1.5,498875.0935,23875.09346,Good Deal
390000, 2500 Q St NW APT 435 Washington DC 20007 ,1,1,1014,3.9,1.014,406449.7471,16449.74709,Good Deal
474900, 4800 Eads St NE Washington DC 20019 ,3,2,1577,4.749,1.577,479550.5047,4650.504684,Good Deal
480000, 1105 Wahler Pl SE Washington DC 20032 ,3,2,1577,4.8,1.577,479550.5047,-449.4953156,Bad Deal
799900, 811 E St SE #A Washington DC 20003 ,3,2,1922,7.999,1.922,796780.7293,-3119.270706,Bad Deal
4250000, 1717 15th St NW Washington DC 20009 ,10,8,6800,42.5,6.8,4246798.706,-3201.293945,Bad Deal
400000, 490 M St SW APT W802 Washington DC 20024 ,1,1,1000,4,1,393576.5743,-6423.425674,Bad Deal
124900, 3425 5th St SE APT 44 Washington DC 20032 ,1,1,698,1.249,0.698,115885.21,-9014.789963,Bad Deal
395000, 1669 Columbia Rd NW #410 Washington DC 20009 ,2,2,1120,3.95,1.12,385765.7433,-9234.256744,Bad Deal
243000, 4915 Nannie Helen Burroughs Ave NE APT 201 Washington DC 20019 ,2,2,952,2.43,0.952,231288.4331,-11711.56693,Bad Deal
659000, 3601 Connecticut Ave NW APT 708 Washington DC 20008 ,2,2,1400,6.59,1.4,643227.911,-15772.089,Bad Deal
650000, 1419 Shepherd St NW #1 Washington DC 20011 ,2,3,1156,6.5,1.156,627146.6732,-22853.3268,Bad Deal
849900, 2624 11th St NW Washington DC 20001 ,3,4,1500,8.499,1.5,825305.5573,-24594.44275,Bad Deal
669000, 5810 8th St NW Washington DC 20011 ,4,3,1880,6.69,1.88,640009.5463,-28990.45372,Bad Deal
1995500, 320 13th St NE Washington DC 20002 ,5,5,3222,19.955,3.222,1964116.096,-31383.9035,Bad Deal
849900, 4204 14th St NW #1 Washington DC 20011 ,3,3,1714,8.499,1.714,813801.5747,-36098.42529,Bad Deal
800000, 4023 Illinois Ave NW Washington DC 20011 ,3,3,1658,8,1.658,762309.2175,-37690.78255,Bad Deal
775000, 2370 Champlain St NW #31 Washington DC 20009 ,2,2,1500,7.75,1.5,735178.709,-39821.29097,Bad Deal
799000, 1512 D St NE Washington DC 20002 ,3,2,1877,7.99,1.877,755402.8988,-43597.10121,Bad Deal
769900, 1356 Newton St NW #1 Washington DC 20010 ,3,3,1618,7.699,1.618,725528.9555,-44371.04454,Bad Deal
1295000, 5108 33rd St NW Washington DC 20008 ,4,3,2544,12.95,2.544,1250562.859,-44437.14142,Bad Deal
299000, 225 Emerson St NW #C-201 Washington DC 20011 ,2,1,1189,2.99,1.189,240933.1799,-58066.82014,Bad Deal
319000, 2800 Wisconsin Ave NW APT 503 Washington DC 20007 ,1,1,849,3.19,0.849,254730.8445,-64269.1555,Bad Deal
429000, 2640 Stanton Rd SE Washington DC 20020 ,3,3,1223,4.29,1.223,362323.2365,-66676.76353,Bad Deal
629000, 1080 Wisconsin Ave NW APT 407 Washington DC 20007 ,1,2,957,6.29,0.957,562316.37,-66683.62999,Bad Deal
460000, 729 Sheridan St NW Washington DC 20011 ,3,2,1481,4.6,1.481,391277.5993,-68722.40067,Bad Deal
569000, 2004 11th St NW APT 133 Washington DC 20001 ,1,2,888,5.69,0.888,498870.3251,-70129.67491,Bad Deal
689000, 1606 5th St NW #1 Washington DC 20001 ,2,3,1141,6.89,1.141,613354.063,-75645.93697,Bad Deal
1775000, 1732 18th St NW Washington DC 20009 ,4,3,3030,17.75,3.03,1697443.581,-77556.41937,Bad Deal
2195000, 1008 22nd St NW Washington DC 20037 ,3,4,2905,21.95,2.905,2117214.394,-77785.60638,Bad Deal
335000, 4000 Cathedral Ave NW #706B Washington DC 20016 ,2,1,1200,3.35,1.2,251047.7543,-83952.24571,Bad Deal
245000, 2117 Fort Davis St SE UNIT B Washington DC 20020 ,3,2,1225,2.45,1.225,155883.6937,-89116.3063,Bad Deal
598000, 1711 M St NE #B Washington DC 20002 ,3,3,1375,5.98,1.375,502088.4037,-95911.5963,Bad Deal
214000, 215 Emerson St NW #202 Washington DC 20011 ,1,1,700,2.14,0.7,117724.1802,-96275.81978,Bad Deal
795000, 61 N St NW #1 Washington DC 20001 ,3,3,1583,7.95,1.583,693346.0712,-101653.9288,Bad Deal
749000, 1013 V St NW #2 Washington DC 20001 ,2,3,1174,7.49,1.174,643697.7863,-105302.2137,Bad Deal
229900, 5208 F St SE APT 1 Washington DC 20019 ,2,2,833,2.299,0.833,121866.9415,-108033.0585,Bad Deal
799000, 1454 Belmont St NW APT 16 Washington DC 20009 ,1,2,1096,7.99,1.096,690127.9926,-108872.0074,Bad Deal
405000, 1121 Varney St SE Washington DC 20032 ,3,2,1376,4.05,1.376,294729.4235,-110270.5765,Bad Deal
690000, 502 Oglethorpe St NW Washington DC 20011 ,4,3,1810,6.9,1.81,575643.7778,-114356.2222,Bad Deal
745000, 2700 Virginia Ave NW #1010 Washington DC 20037 ,2,2,1375,7.45,1.375,620240.1638,-124759.8362,Bad Deal
352500, 1717 28th Pl SE #B Washington DC 20020 ,3,2,1300,3.525,1.3,224846.7445,-127653.2555,Bad Deal
352500, 1719 28th Pl SE #B Washington DC 20020 ,3,2,1300,3.525,1.3,224846.7445,-127653.2555,Bad Deal
450000, 326 Raleigh St SE Washington DC 20032 ,4,3,1530,4.5,1.53,318181.6578,-131818.3422,Bad Deal
609900, 312 Gallatin St NW Washington DC 20011 ,3,2,1575,6.099,1.575,477711.4391,-132188.5609,Bad Deal
769000, 251 G St SW #113 Washington DC 20024 ,3,3,1513,7.69,1.513,628980.5889,-140019.4111,Bad Deal
95009, 3701 13th St NW APT 1 Washington DC 20010 ,1,1,518,0.95009,0.518,-49626.23119,-144635.2312,Bad Deal
290000, 317 Atlantic St SE Washington DC 20032 ,2,1,1080,2.9,1.08,140706.8729,-149293.1271,Bad Deal
221999, 1301 Delaware Ave SW APT N823 Washington DC 20024 ,1,1,650,2.21999,0.65,71748.7812,-150250.2188,Bad Deal
1100000, 2503 Chain Bridge Rd NW Washington DC 20016 ,3,3,1860,11,1.86,948049.736,-151950.264,Bad Deal
124900, 2100 Fendall St SE UNIT 1 Washington DC 20020 ,2,1,895,1.249,0.895,-29402.20833,-154302.2083,Bad Deal
559500, 1718 29th St SE Washington DC 20020 ,3,2,1489,5.595,1.489,398633.7185,-160866.2815,Bad Deal
167000, 5014 H St SE APT 101 Washington DC 20019 ,1,1,575,1.67,0.575,2785.730362,-164214.2696,Bad Deal
1350000, 637 C St NE Washington DC 20002 ,3,4,1890,13.5,1.89,1183913.612,-166086.3876,Bad Deal
850000, 1111 Oates St NE Washington DC 20002 ,4,4,1700,8.5,1.7,682776.6895,-167223.3105,Bad Deal
379900, 5011 Benning Rd SE Washington DC 20019 ,3,2,1280,3.799,1.28,206456.5659,-173443.4341,Bad Deal
299500, 1219 Holbrook Ter NE APT 3 Washington DC 20002 ,1,1,708,2.995,0.708,125080.2517,-174419.7483,Bad Deal
805000, 1124 Geranium St NW Washington DC 20012 ,4,3,1865,8.05,1.865,626216.9361,-178783.0639,Bad Deal
320000, 1311 Delaware Ave SW APT S737 Washington DC 20024 ,2,2,850,3.2,0.85,137498.5695,-182501.4305,Bad Deal
344000, 3900 Tunlaw Rd NW APT 304 Washington DC 20007 ,2,1,1100,3.44,1.1,159096.9563,-184903.0437,Bad Deal
1895000, 524 8th St NE Washington DC 20002 ,5,5,2945,18.95,2.945,1709412.193,-185587.8067,Bad Deal
369900, 46 58th St SE Washington DC 20019 ,2,2,900,3.699,0.9,183473.9685,-186426.0315,Bad Deal
899000, 2420 Chain Bridge Rd NW Washington DC 20016 ,2,2,1472,8.99,1.472,709432.5542,-189567.4458,Bad Deal
349900, 700 7th St SW APT 422 Washington DC 20024 ,1,1,744,3.499,0.744,158182.5733,-191717.4267,Bad Deal
429500, 4025 Martin Luther King Jr Ave SW Washington DC 20032 ,3,2,1312,4.295,1.312,235880.8517,-193619.1483,Bad Deal
400000, 6425 14th St NW UNIT 305 Washington DC 20012 ,2,2,924,4,0.924,205542.1829,-194457.8171,Bad Deal
449500, 2249 14th St SE Washington DC 20020 ,3,1,1558,4.495,1.558,253801.2028,-195698.7972,Bad Deal
600000, 1523 Park Rd NW APT 102 Washington DC 20010 ,3,3,1261,6,1.261,397264.5283,-202735.4717,Bad Deal
889000, 1652 Beekman Pl NW APT C Washington DC 20009 ,2,3,1210,8.89,1.21,676800.108,-212199.892,Bad Deal
799000, 1454 Belmont St NW #16 Washington DC 20009 ,1,1.5,1096,7.99,1.096,585988.6646,-213011.3354,Bad Deal
499000, 1229 12th St NW APT B1 Washington DC 20005 ,2,2,1004,4.99,1.004,279102.7069,-219897.2931,Bad Deal
749900, 3930 Connecticut Ave NW APT 501H Washington DC 20008 ,3,2,1630,7.499,1.63,528284.4067,-221615.5933,Bad Deal
699999, 1910 W Virginia Ave NE #2 Washington DC 20002 ,3,3,1349,6.99999,1.349,478181.2191,-221817.7809,Bad Deal
800000, 1100 W St NW #1 Washington DC 20009 ,2,3,1100,8,1.1,575654.1729,-224345.8271,Bad Deal
415000, 1957 Calvert St NW APT C Washington DC 20009 ,1,1,774,4.15,0.774,185767.7937,-229232.2063,Bad Deal
699000, 2717 Ontario Rd NW #1 Washington DC 20009 ,2,2,1209,6.99,1.209,467601.9192,-231398.0808,Bad Deal
1299999, 3919 Fulton St NW PENTHOUSE 5 Washington DC 20007 ,3,4,1764,12.99999,1.764,1068055.725,-231943.2749,Bad Deal
714900, 1080 Wisconsin Ave NW APT 2005 Washington DC 20007 ,2,2,1225,7.149,1.225,482314.0621,-232585.9379,Bad Deal
825000, 904 Butternut St NW Washington DC 20012 ,5,3,2183,8.25,2.183,592190.0272,-232809.9728,Bad Deal
435000, 1222 Congress St SE Washington DC 20032 ,3,2,1275,4.35,1.275,201858.9973,-233141.0027,Bad Deal
269000, 411 Mellon St SE APT 2 Washington DC 20032 ,2,2,737,2.69,0.737,33594.17915,-235405.8208,Bad Deal
599000, 702 Faraday Pl NE Washington DC 20017 ,3,3,1223,5.99,1.223,362323.2365,-236676.7635,Bad Deal
309500, 1601 18th St NW APT 206 Washington DC 20009 ,1,1,651,3.095,0.651,72668.31398,-236831.686,Bad Deal
437900, 1637 A St NE APT 1 Washington DC 20002 ,2,2,916,4.379,0.916,198186.1115,-239713.8885,Bad Deal
310000, 4912 New Hampshire Ave NW #E-202 Washington DC 20011 ,2,1,1000,3.1,1,67146.15822,-242853.8418,Bad Deal
395000, 1654 K St NE #2 Washington DC 20002 ,2,2,862,3.95,0.862,148532.6767,-246467.3233,Bad Deal
399900, 412 19th St NE APT 102 Washington DC 20002 ,2,2,867,3.999,0.867,153130.1975,-246769.8025,Bad Deal
579000, 1354 Kenyon St NW APT G Washington DC 20010 ,2,2,1061,5.79,1.061,331514.74,-247485.26,Bad Deal
349900, 1 Scott Cir NW #601 Washington DC 20036 ,1,1,682,3.499,0.682,101173.0671,-248726.9329,Bad Deal
510000, 4296 Southern Ave SE Washington DC 20019 ,7,4,2304,5.1,2.304,258868.0744,-251131.9256,Bad Deal
420000, 2641 Bowen Rd SE UNIT B Washington DC 20020 ,4,2,1594,4.2,1.594,168751.5736,-251248.4264,Bad Deal
299800, 1371 Bryant St NE APT 2 Washington DC 20018 ,2,2,750,2.998,0.75,45547.77145,-254252.2285,Bad Deal
1699000, 1454 Belmont St NW APT 15 Washington DC 20009 ,2,3,2044,16.99,2.044,1443669.701,-255330.2994,Bad Deal
1429000, 1831 Vermont Ave NW Washington DC 20001 ,3,4,1878,14.29,1.878,1172879.601,-256120.3995,Bad Deal
499000, 2717 Ontario Rd NW #2 Washington DC 20009 ,3,2,1316,4.99,1.316,239558.8875,-259441.1125,Bad Deal
645000, 127 Longfellow St NW Washington DC 20011 ,4,2,1824,6.45,1.824,380238.4853,-264761.5147,Bad Deal
185000, 1625 Gainesville St SE APT 101 Washington DC 20020 ,2,1,839,1.85,0.839,-80894.66095,-265894.6609,Bad Deal
399900, 1011 18th St NE APT 2 Washington DC 20002 ,2,2,845,3.999,0.845,132901.0487,-266998.9513,Bad Deal
445000, 3934 10th St NE APT 1 Washington DC 20017 ,2,2,890,4.45,0.89,174278.8315,-270721.1685,Bad Deal
389000, 2801 Adams Mill Rd NW APT 210 Washington DC 20009 ,1,1,700,3.89,0.7,117724.1802,-271275.8198,Bad Deal
975000, 1322 E St NE Washington DC 20002 ,3,3,1594,9.75,1.594,703460.6457,-271539.3543,Bad Deal
380000, 2500 Q St NW APT 519 Washington DC 20007 ,1,1,688,3.8,0.688,106690.1684,-273309.8316,Bad Deal
350000, 713 Croissant Pl SE Washington DC 20019 ,3,1,1362,3.5,1.362,73577.64244,-276422.3576,Bad Deal
675000, 2247 12th St NW UNIT 1 Washington DC 20009 ,2,2,1130,6.75,1.13,394960.7372,-280039.2628,Bad Deal
435000, 5516 14th St NW #1 Washington DC 20011 ,2,2,867,4.35,0.867,153130.1975,-281869.8025,Bad Deal
899900, 916 15th St SE Washington DC 20003 ,3,3,1500,8.999,1.5,617026.9489,-282873.0511,Bad Deal
619990, 907 Columbia Rd NW Washington DC 20001 ,3,2,1422,6.1999,1.422,337026.7868,-282963.2132,Bad Deal
624999, 1910 W Virginia Ave NE #1 Washington DC 20002 ,3,3,1200,6.24999,1.2,341174.5548,-283824.4452,Bad Deal
659000, 301 G St NE APT 3 Washington DC 20002 ,2,2,1107,6.59,1.107,373812.1033,-285187.8967,Bad Deal
449900, 1725 17th St NW APT 316 Washington DC 20009 ,1,1,750,4.499,0.75,163699.5792,-286200.4208,Bad Deal
495000, 333 N St SW #333 Washington DC 20024 ,2,1,1154,4.95,1.154,208750.391,-286249.609,Bad Deal
939000, 121 R St NW Washington DC 20001 ,4,3,1893,9.39,1.893,651963.0909,-287036.9091,Bad Deal
129900, 4729 1st St SW APT 203 Washington DC 20032 ,2,1,756,1.299,0.756,-157213.7833,-287113.7833,Bad Deal
600000, 1514 17th St NW APT 207 Washington DC 20036 ,2,1,1265,6,1.265,310815.7635,-289184.2365,Bad Deal
289000, 2651 Birney Pl SE #SE-302 Washington DC 20020 ,3,2,1054,2.89,1.054,-1352.214813,-290352.2148,Bad Deal
579000, 2301 Champlain St NW APT T02 Washington DC 20009 ,2,2,1014,5.79,1.014,288297.9393,-290702.0607,Bad Deal
277000, 429 N St SW #609 Washington Navy Yard DC 20374 ,1,1,554,2.77,0.554,-16523.95725,-293523.9573,Bad Deal
689900, 5230 Georgia Ave NW #402 Washington DC 20011 ,3,3,1260,6.899,1.26,396344.9955,-293555.0045,Bad Deal
619900, 2812 Georgia Ave NW #8 Washington DC 20001 ,2,2,1054,6.199,1.054,325078.2013,-294821.7987,Bad Deal
419900, 722 Sheridan St NW Washington DC 20011 ,3,1,1418,4.199,1.418,125070.0474,-294829.9526,Bad Deal
635000, 1354 Euclid St NW #1356-302A Washington DC 20009 ,2,2,1070,6.35,1.07,339790.3442,-295209.6558,Bad Deal
619000, 1532 N Capitol St NW #101 Washington DC 20002 ,2,2,1050,6.19,1.05,321400.1656,-297599.8344,Bad Deal
1189000, 124 4th St NE Washington DC 20002 ,2,3,1443,11.89,1.443,891045.3796,-297954.6204,Bad Deal
514900, 1658 K St NE APT 4 Washington DC 20002 ,2,2,936,5.149,0.936,216576.2901,-298323.7099,Bad Deal
799850, 610 Elliott St NE Washington DC 20002 ,3,2,1596,7.9985,1.596,497021.0552,-302828.9448,Bad Deal
388000, 1306 Dexter Ter SE Washington DC 20020 ,2,1,1014,3.88,1.014,80019.33098,-307980.669,Bad Deal
495000, 1065 48th Pl NE Washington DC 20019 ,3,3,1030,4.95,1.03,184858.1791,-310141.8209,Bad Deal
699950, 1930 18th St NW APT 45 Washington DC 20009 ,2,2,1124,6.9995,1.124,389443.6836,-310506.3164,Bad Deal
679000, 3626 Georgia Ave NW #41 Washington DC 20010 ,2,2,1100,6.79,1.1,367375.5646,-311624.4354,Bad Deal
589000, 1526 17th St NW APT 306 Washington DC 20036 ,2,2,1000,5.89,1,275424.7665,-313575.2335,Bad Deal
499000, 2616 Garfield St NW APT 1 Washington DC 20008 ,2,2,900,4.99,0.9,183473.9685,-315526.0315,Bad Deal
424900, 1700 2nd St NW APT 3 Washington DC 20001 ,1,1,690,4.249,0.69,108529.1386,-316370.8614,Bad Deal
435000, 901 D St NE APT 7 Washington DC 20002 ,1,1,700,4.35,0.7,117724.1802,-317275.8198,Bad Deal
330000, 3060 16th St NW APT 606 Washington DC 20009 ,1,1,584,3.3,0.584,11061.23924,-318938.7608,Bad Deal
849900, 1504 6th St NW #1 Washington DC 20001 ,2,3,1050,8.499,1.05,529678.7739,-320221.2261,Bad Deal
495000, 2920 Georgia Ave NW UNIT 404 Washington DC 20001 ,1,1,759,4.95,0.759,171975.1835,-323024.8165,Bad Deal
769900, 59 G St SW Washington DC 20024 ,3,2,1538,7.699,1.538,443689.6801,-326210.3199,Bad Deal
799000, 1362 Emerald St NE Washington DC 20002 ,3,3,1342,7.99,1.342,471744.6804,-327255.3196,Bad Deal
155000, 3868 9th St SE APT 301 Washington DC 20032 ,2,1,739,1.55,0.739,-172845.4113,-327845.4113,Bad Deal
499900, 1420 N Capitol St NW #101 Washington DC 20002 ,2,2,886,4.999,0.886,170600.7957,-329299.2043,Bad Deal
779900, 1335 A St SE APT D Washington DC 20003 ,2,2,1185,7.799,1.185,445533.7048,-334366.2952,Bad Deal
375000, 1910 Kalorama Rd NW APT 2 Washington DC 20009 ,1,1,616,3.75,0.616,40485.52513,-334514.4749,Bad Deal
490000, 1658 K St NE #7 Washington DC 20002 ,2,2,862,4.9,0.862,148532.6767,-341467.3233,Bad Deal
575000, 2555 Pennsylvania Ave NW APT 516 Washington DC 20037 ,1,1,824,5.75,0.824,231743.1927,-343256.8073,Bad Deal
589900, 801 N St NW APT T02 Washington DC 20001 ,1,1,840,5.899,0.84,246455.3356,-343444.6644,Bad Deal
3395000, 1717 34th St NW Washington DC 20007 ,4,5,4048,33.95,4.048,3050060.081,-344939.9185,Bad Deal
422675, 50 Florida Ave NE APT 308 Washington DC 20002 ,1,1,654,4.22675,0.654,75426.81694,-347248.1831,Bad Deal
639900, 1150 K St NW APT 505 Washington DC 20005 ,2,2,1018,6.399,1.018,291975.8797,-347924.1203,Bad Deal
799000, 1624 Corcoran St NW UNIT J Washington DC 20009 ,2,2,1190,7.99,1.19,450131.3686,-348868.6314,Bad Deal
815000, 3 Washington Cir NW APT 705 Washington DC 20037 ,2,2,1205,8.15,1.205,463923.9788,-351076.0212,Bad Deal
899900, 1222 Half St SW Washington DC 20024 ,4,3,1780,8.999,1.78,548058.5575,-351841.4425,Bad Deal
534900, 460 New York Ave NW UNIT 503 Washington DC 20001 ,1,1,770,5.349,0.77,182089.7579,-352810.2421,Bad Deal
695000, 611 Rhode Island Ave NW Washington DC 20001 ,2,2,1072,6.95,1.072,341629.4098,-353370.5902,Bad Deal
168000, 4130 4th St SE APT 4 Washington DC 20032 ,2,1,719,1.68,0.719,-191235.59,-359235.59,Bad Deal
525000, 2732 Ordway St NW APT 5 Washington DC 20008 ,2,1,1107,5.25,1.107,165533.4949,-359466.5051,Bad Deal
1699000, 1454 Belmont St NW #15 Washington DC 20009 ,2,2.5,2044,16.99,2.044,1339530.373,-359469.6274,Bad Deal
449900, 824 Burns St SE Washington DC 20019 ,3,2,1152,4.499,1.152,88759.51767,-361140.4823,Bad Deal
359000, 414 Seward Sq SE APT 202 Washington DC 20003 ,1,1,568,3.59,0.568,-3650.808334,-362650.8083,Bad Deal
599900, 50 Florida Ave NE APT 319 Washington DC 20002 ,2,2,958,5.999,0.958,236805.439,-363094.561,Bad Deal
385000, 5622 13th St NW #3 Washington DC 20011 ,2,2,723,3.85,0.723,20721.05408,-364278.9459,Bad Deal
649900, 1603 16th St NW APT 1 Washington DC 20009 ,2,2,1000,6.499,1,275424.7665,-374475.2335,Bad Deal
179000, 717 Brandywine St SE APT 301 Washington DC 20032 ,2,1,703,1.79,0.703,-205947.6852,-384947.6852,Bad Deal
1299900, 1745 N St NW #410 Washington DC 20036 ,2,3,1466,12.999,1.466,912194.0613,-387705.9387,Bad Deal
349000, 1355 Bryant St NE APT 1 Washington DC 20018 ,2,2,658,3.49,0.658,-39046.95511,-388046.9551,Bad Deal
369909, 909 E St SE #3 Washington DC 20003 ,1,1,550,3.69909,0.55,-20201.99299,-390110.993,Bad Deal
1795000, 1540 T St NW Washington DC 20009 ,5,4,2839,17.95,2.839,1403665.733,-391334.2667,Bad Deal
609000, 1747 Willard St NW APT 1 Washington DC 20009 ,2,2,937,6.09,0.937,217495.7275,-391504.2725,Bad Deal
329000, 1731 20th St NW APT 2 Washington DC 20009 ,1,1,500,3.29,0.5,-66177.39201,-395177.392,Bad Deal
869000, 2301 Champlain St NW APT 411 Washington DC 20009 ,2,2,1214,8.69,1.214,472199.3923,-396800.6077,Bad Deal
839000, 2409 37th St NW #2 Washington DC 20007 ,2,2,1177,8.39,1.177,438177.6333,-400822.3667,Bad Deal
450000, 2114 N St NW APT 37 Washington DC 20037 ,1,1,625,4.5,0.625,48761.12938,-401238.8706,Bad Deal
634900, 2150 Florida Ave NW #1 Washington DC 20008 ,2,2,953,6.349,0.953,232207.8705,-402692.1295,Bad Deal
520000, 1422 Euclid St NW APT 1 Washington DC 20009 ,2,2,824,5.2,0.824,113591.3849,-406408.6151,Bad Deal
573900, 910 M St NW APT 323 Washington DC 20001 ,2,2,878,5.739,0.878,163244.8196,-410655.1804,Bad Deal
1025000, 1610 Belmont St NW APT D Washington DC 20009 ,3,3,1494,10.25,1.494,611509.8476,-413490.1524,Bad Deal
699000, 254 15th St SE UNIT 5 Washington DC 20003 ,2,2,1007,6.99,1.007,281861.3052,-417138.6948,Bad Deal
535000, 311 6th St SE APT 1-315 Washington DC 20003 ,2,2,823,5.35,0.823,112671.8521,-422328.1479,Bad Deal
224900, 1014 50th St NE Washington DC 20019 ,2,1,712,2.249,0.712,-197672.1287,-422572.1287,Bad Deal
675000, 777 7th St NW APT 314 Washington DC 20001 ,2,2,974,6.75,0.974,251517.5819,-423482.4181,Bad Deal
427999, 3463 25th St SE Washington DC 20020 ,4,2,1414,4.27999,1.414,3240.251541,-424758.7485,Bad Deal
775000, 1010 Massachusetts Ave NW PENTHOUSE 106 Washington DC 20001 ,2,2,1074,7.75,1.074,343468.38,-431531.62,Bad Deal
500000, 2220 20th St NW APT 55 Washington DC 20009 ,2,1,1000,5,1,67146.15822,-432853.8418,Bad Deal
350000, 1321 Fairmont St NW APT 1 Washington DC 20009 ,2,1,835,3.5,0.835,-84572.69669,-434572.6967,Bad Deal
185000, 3956 Pennsylvania Ave SE APT 303 Washington DC 20020 ,2,1,655,1.85,0.655,-250084.1141,-435084.1141,Bad Deal
674900, 1112 5th St #1-W Washington DC 20001 ,2,2,952,6.749,0.952,231288.4331,-443611.5669,Bad Deal
575000, 1458 Fairmont St NW APT 2 Washington DC 20009 ,2,1,1069,5.75,1.069,130592.2031,-444407.7969,Bad Deal
649000, 1801 16th St NW APT 301 Washington DC 20009 ,1,1,790,6.49,0.79,200479.9366,-448520.0634,Bad Deal
699900, 2750 14th St NW APT 501 Washington DC 20009 ,3,2,1328,6.999,1.328,250592.8993,-449307.1007,Bad Deal
729900, 300 8th St NE #206 Washington DC 20002 ,2,2,998,7.299,0.998,273585.7964,-456314.2036,Bad Deal
350000, 223 Florida Ave NW APT 3 Washington DC 20001 ,1,1,454,3.5,0.454,-108474.7553,-458474.7553,Bad Deal
749000, 3210 Grace St NW APT 205 Washington DC 20007 ,2,2,1016,7.49,1.016,290136.9095,-458863.0905,Bad Deal
669900, 448 M St NW UNIT 1 Washington DC 20001 ,2,2,925,6.699,0.925,206461.7157,-463438.2843,Bad Deal
749900, 810 O St NW APT 209 Washington DC 20001 ,2,2,1009,7.499,1.009,283700.2754,-466199.7246,Bad Deal
410000, 2023 Hillyer Pl NW #2 Washington DC 20009 ,1,1,510,4.1,0.51,-56982.30267,-466982.3027,Bad Deal
1199900, 1222 11th St NW #4 Washington DC 20001 ,3,3,1620,11.999,1.62,727367.9256,-472532.0744,Bad Deal
388000, 1718 Corcoran St NW APT 32 Washington DC 20009 ,1,1,477,3.88,0.477,-87326.07365,-475326.0736,Bad Deal
799900, 1747 T St NW #5 Washington DC 20009 ,2,2,1050,7.999,1.05,321400.1656,-478499.8344,Bad Deal
4999000, 1511 30th St NW Washington DC 20007 ,6,5,6352,49.99,6.352,4515745.926,-483254.0741,Bad Deal
262000, 601 A St NE APT 1 Washington DC 20002 ,1,1,331,2.62,0.331,-221574.235,-483574.235,Bad Deal
399000, 2925 Stanton Rd SE Washington DC 20020 ,3,1,1190,3.99,1.19,-84577.70348,-483577.7035,Bad Deal
749000, 2750 14th St NW APT 601 Washington DC 20009 ,3,2,1338,7.49,1.338,259788.1317,-489211.8683,Bad Deal
469900, 2100 19th St NW APT 805 Washington DC 20009 ,2,1,900,4.699,0.9,-24804.63982,-494704.6398,Bad Deal
524900, 635 Emerson St NE Washington DC 20017 ,3,2,1088,5.249,1.088,29911.13663,-494988.8634,Bad Deal
539900, 606 Sheridan St NW Washington DC 20011 ,4,2,1454,5.399,1.454,40020.51353,-499879.4865,Bad Deal
469000, 2008 16th St NW APT 102 Washington DC 20009 ,2,2,661,4.69,0.661,-36288.40446,-505288.4045,Bad Deal
725000, 811 4th St NW UNIT 1218 Washington DC 20001 ,2,2,936,7.25,0.936,216576.2901,-508423.7099,Bad Deal
389000, 3342 Ely Pl SE Washington DC 20019 ,4,1,1506,3.89,1.506,-120443.6779,-509443.6779,Bad Deal
519900, 459 Florida Ave NW #3 Washington DC 20001 ,2,2,710,5.199,0.71,8767.414093,-511132.5859,Bad Deal
238500, 3331 Ely Pl SE Washington DC 20019 ,3,1,984,2.385,0.984,-273996.4008,-512496.4008,Bad Deal
273733, 3205 Georgia Ave NW UNIT 307 Washington DC 20010 ,2,1,667,2.73733,0.667,-239050.0069,-512783.0069,Bad Deal
1479000, 4323 Cathedral Ave NW Washington DC 20016 ,3,2,2105,14.79,2.105,965050.6973,-513949.3027,Bad Deal
449900, 623 Mellon St SE Washington DC 20032 ,7,4,1952,4.499,1.952,-64798.68889,-514698.6889,Bad Deal
959000, 1400 Church St NW APT 204 Washington DC 20005 ,2,2,1172,9.59,1.172,433580.1601,-525419.8399,Bad Deal
875000, 834 New Hampshire Ave NW Washington DC 20037 ,2,2,1080,8.75,1.08,348985.4813,-526014.5187,Bad Deal
365000, 822 Kennedy St NW #2 Washington DC 20011 ,2,1,750,3.65,0.75,-162730.8369,-527730.8369,Bad Deal
949990, 1735 New Hampshire Ave NW APT 201 Washington DC 20009 ,2,2,1150,9.4999,1.15,413351.0113,-536638.9887,Bad Deal
718000, 1515 16th St NW APT 1C Washington DC 20036 ,2,2,890,7.18,0.89,174278.8315,-543721.1685,Bad Deal
725000, 1900 Kalorama Pl NW UNIT 55 Washington DC 20009 ,2,2,890,7.25,0.89,174278.8315,-550721.1685,Bad Deal
649900, 2818 Connecticut Ave NW APT 201 Washington DC 20008 ,2,2,805,6.499,0.805,96120.73898,-553779.261,Bad Deal
2290000, 2817 Dumbarton St NW Washington DC 20007 ,4,5,2612,22.9,2.612,1729646.492,-560353.508,Bad Deal
750000, 1831 California St NW APT 20 Washington DC 20009 ,2,1,1128,7.5,1.128,184843.2064,-565156.7936,Bad Deal
399900, 1838 4th St NW APT 1B Washington DC 20001 ,2,1,739,3.999,0.739,-172845.4113,-572745.4113,Bad Deal
429900, 1343 Dexter Ter SE Washington DC 20020 ,3,2,900,4.299,0.9,-142956.4476,-572856.4476,Bad Deal
599900, 2007 Wyoming Ave NW UNIT 17 Washington DC 20009 ,1,1,600,5.999,0.6,25773.38219,-574126.6178,Bad Deal
419950, 4600 Brooks St NE Washington DC 20019 ,2,1,757,4.1995,0.757,-156294.2505,-576244.2505,Bad Deal
749900, 1550 11th St NW APT 407 Washington DC 20001 ,2,2,886,7.499,0.886,170600.7957,-579299.2043,Bad Deal
6830000, 4615 Dexter St NW Washington DC 20007 ,5,8,7200,68.3,7.2,6246754.456,-583245.5444,Bad Deal
1099900, 57 N St NW #525 Washington DC 20001 ,3,3,1380,10.999,1.38,506685.9722,-593214.0278,Bad Deal
995000, 2205 California St NW APT 104 Washington DC 20008 ,3,2,1473,9.95,1.473,383921.6232,-611078.3768,Bad Deal
449000, 1855 Calvert St NW APT 201 Washington DC 20009 ,2,1,749,4.49,0.749,-163650.322,-612650.322,Bad Deal
925000, 1778 Willard St NW #1 Washington DC 20009 ,3,3,1165,9.25,1.165,308991.766,-616008.234,Bad Deal
449000, 2039 New Hampshire Ave NW #410 Washington DC 20009 ,2,1,735,4.49,0.735,-176523.447,-625523.447,Bad Deal
425000, 711 49th Pl NE Washington DC 20019 ,4,2,1182,4.25,1.182,-210085.6304,-635085.6304,Bad Deal
875000, 1341 Q St NW #A Washington DC 20009 ,2,2,953,8.75,0.953,232207.8705,-642792.1295,Bad Deal
419900, 5105 Just St NE Washington DC 20019 ,3,2,810,4.199,0.81,-225712.1563,-645612.1563,Bad Deal
699900, 1045 Paper Mill Ct NW #1045 Washington DC 20007 ,2,1,950,6.999,0.95,21170.7592,-678729.2408,Bad Deal
220000, 3960 Pennsylvania Ave SE #3960-208 Washington DC 20020 ,3,1,765,2.2,0.765,-475368.6428,-695368.6428,Bad Deal
1049000, 4232 6th St SE Washington DC 20032 ,10,5,3236,10.49,3.236,344836.9503,-704163.0497,Bad Deal
749900, 1638 16th St SE Washington DC 20020 ,2,2,750,7.499,0.75,45547.77145,-704352.2285,Bad Deal
915000, 2625 O St NW Washington DC 20007 ,2,1,1155,9.15,1.155,209669.8284,-705330.1716,Bad Deal
555000, 1451 Park Rd NW APT 102 Washington DC 20010 ,3,2,889,5.55,0.889,-153071.022,-708071.022,Bad Deal
1197500, 2014 Kalorama Rd NW APT 8 Washington DC 20009 ,3,3,1335,11.975,1.335,465308.1417,-732191.8583,Bad Deal
2799999, 3329 Prospect St NW UNIT 1 Washington DC 20007 ,2,3,2700,27.99999,2.7,2046866.989,-753132.0109,Bad Deal
259000, 742 Brandywine St SE APT 103 Washington DC 20032 ,5,2,1204,2.59,1.204,-516286.993,-775286.993,Bad Deal
449900, 1943 Capitol Ave NE Washington DC 20002 ,3,1,918,4.499,0.918,-334683.9428,-784583.9428,Bad Deal
525000, 1814 28th St SE Washington DC 20020 ,5,2,1479,5.25,1.479,-263422.3461,-788422.3461,Bad Deal
550000, 38 53rd St SE Washington DC 20019 ,5,2,1479,5.5,1.479,-263422.3461,-813422.3461,Bad Deal
1995000, 3017 P St NW Washington DC 20007 ,2,3,1756,19.95,1.756,1178851.509,-816148.4909,Bad Deal
510000, 1632 U St SE Washington DC 20020 ,4,1,1282,5.1,1.282,-326413.5838,-836413.5838,Bad Deal
3500000, 3030 Q St NW Washington DC 20007 ,5,6,3753,35,3.753,2660653.496,-839346.5042,Bad Deal
1155000, 2706 Dumbarton St NW Washington DC 20007 ,3,2,1316,11.55,1.316,239558.8875,-915441.1125,Bad Deal
1619000, 3015 Orchard Ln NW Washington DC 20007 ,3,3,1585,16.19,1.585,695185.1368,-923814.8632,Bad Deal
885000, 5180 Fulton St NW Washington DC 20016 ,3,2,992,8.85,0.992,-58361.72104,-943361.721,Bad Deal
889000, 1431 W St NW Washington DC 20009 ,4,2,1347,8.89,1.347,-58366.8232,-947366.8232,Bad Deal
750000, 431 Kenyon St NW #1 Washington DC 20010 ,3,2,810,7.5,0.81,-225712.1563,-975712.1563,Bad Deal
1695000, 1312 33rd St NW Washington DC 20007 ,3,3,1611,16.95,1.611,719092.3214,-975907.6786,Bad Deal
1850000, 3300 Q St NW Washington DC 20007 ,3,3,1772,18.5,1.772,867132.9498,-982867.0502,Bad Deal
440000, 2009 Savannah Pl SE Washington DC 20020 ,5,2,1160,4.4,1.16,-556745.3861,-996745.3861,Bad Deal
3895000, 318 A St NE Washington DC 20002 ,6,5,4500,38.95,4.5,2812817.192,-1082182.808,Bad Deal
1860000, 3069 Canal St NW Washington DC 20007 ,3,3,1622,18.6,1.622,729206.8958,-1130793.104,Bad Deal
5550000, 2446 Kalorama Rd NW Washington DC 20008 ,6,6,5714,55.5,5.714,4137377.93,-1412622.07,Bad Deal
6995000, 2915 O St NW Washington DC 20007 ,7,8,6482,69.95,6.482,4933686.829,-2061313.171,Bad Deal
7495000, 4840 Dexter St NW Washington DC 20007 ,6,6,7067,74.95,7.067,5381472.015,-2113527.985,Bad Deal
12950000, 3131 Chain Bridge Rd NW Washington DC 20016 ,6,9,12200,129.5,12.2,10726142.12,-2223857.88,Bad Deal
4950000, 2816 O St NW Washington DC 20007 ,4,5,3525,49.5,3.525,2569157.6,-2380842.4,Bad Deal
8900000, 1823 Phelps Pl NW Washington DC 20008 ,6,8,7500,89,7.5,6196176.147,-2703823.853,Bad Deal
6450000, 1691 34th St NW Washington DC 20007 ,5,4,5331,64.5,5.331,3695079.422,-2754920.578,Bad Deal
12000000, 3036 Woodland Dr NW Washington DC 20008 ,8,11,10823,120,10.823,9223676.3,-2776323.7,Bad Deal
13750000, 3301 Fessenden St NW Washington DC 20008 ,11,17,12343,137.5,12.343,10891709.14,-2858290.863,Bad Deal
12950000, 3120 Woodland Dr NW Washington DC 20008 ,7,9,11486,129.5,11.486,9743183.136,-3206816.864,Bad Deal
16999900, 2507 Foxhall Rd NW Washington DC 20007 ,8,14,13687,169.999,13.687,12481983.18,-4517916.815,Bad Deal
12800000, 1224 30th St NW Washington DC 20007 ,10,8,11000,128,11,8108731.842,-4691268.158,Bad Deal
12975000, 2715 N St NW Washington DC 20007 ,7,8,5373,129.75,5.373,3913952.637,-9061047.363,Bad Deal
10995000, 2860 Woodland Dr NW Washington DC 20008 ,3,2,1275,109.95,1.275,201858.9973,-10793141,Bad Deal
18000000, 3150 S St NW #PH2C & 1M Washington DC 20007 ,4,7,6407,180,6.407,5635736.465,-12364263.53,Bad Deal
